,state_smooth
2025-05-08 10:58:47.584,working
2025-05-08 10:58:48.706,working
2025-05-08 10:58:49.894,working
2025-05-08 10:58:50.982,working
2025-05-08 10:58:52.222,working
2025-05-08 10:58:53.314,working
2025-05-08 10:58:54.413,working
2025-05-08 10:58:55.635,working
2025-05-08 10:58:56.745,working
2025-05-08 10:58:57.833,working
2025-05-08 10:58:58.932,working
2025-05-08 10:59:00.265,working
2025-05-08 10:59:01.486,working
2025-05-08 10:59:02.707,working
2025-05-08 10:59:03.918,working
2025-05-08 10:59:05.251,working
2025-05-08 10:59:06.339,working
2025-05-08 10:59:07.539,working
2025-05-08 10:59:09.018,working
2025-05-08 10:59:10.105,working
2025-05-08 10:59:11.214,working
2025-05-08 10:59:12.303,working
2025-05-08 10:59:13.414,working
2025-05-08 10:59:14.583,working
2025-05-08 10:59:15.657,working
2025-05-08 10:59:16.879,working
2025-05-08 10:59:17.994,working
2025-05-08 10:59:19.100,working
2025-05-08 10:59:20.210,working
2025-05-08 10:59:21.288,working
2025-05-08 10:59:22.376,working
2025-05-08 10:59:23.575,working
2025-05-08 10:59:24.918,working
2025-05-08 10:59:26.207,working
2025-05-08 10:59:27.317,working
2025-05-08 10:59:28.383,working
2025-05-08 10:59:29.494,working
2025-05-08 10:59:30.694,working
2025-05-08 10:59:32.037,working
2025-05-08 10:59:33.259,working
2025-05-08 10:59:34.348,working
2025-05-08 10:59:35.458,working
2025-05-08 10:59:36.546,working
2025-05-08 10:59:37.657,working
2025-05-08 10:59:38.757,working
2025-05-08 10:59:39.866,working
2025-05-08 10:59:40.977,working
2025-05-08 10:59:42.196,working
2025-05-08 10:59:43.309,working
2025-05-08 10:59:44.486,working
2025-05-08 10:59:45.563,working
2025-05-08 10:59:46.796,working
2025-05-08 10:59:48.016,working
2025-05-08 10:59:49.127,working
2025-05-08 10:59:50.337,working
2025-05-08 10:59:51.436,working
2025-05-08 10:59:52.624,working
2025-05-08 10:59:53.812,working
2025-05-08 10:59:55.145,working
2025-05-08 10:59:56.344,working
2025-05-08 10:59:57.443,working
2025-05-08 10:59:58.544,working
2025-05-08 10:59:59.642,working
2025-05-08 11:00:00.753,working
2025-05-08 11:00:01.964,working
2025-05-08 11:00:03.072,working
2025-05-08 11:00:04.150,working
2025-05-08 11:00:05.350,working
2025-05-08 11:00:06.438,working
2025-05-08 11:00:07.526,working
2025-05-08 11:00:08.637,working
2025-05-08 11:00:09.748,working
2025-05-08 11:00:10.836,working
2025-05-08 11:00:11.955,working
2025-05-08 11:00:13.156,working
2025-05-08 11:00:14.356,working
2025-05-08 11:00:15.453,working
2025-05-08 11:00:16.542,working
2025-05-08 11:00:17.730,working
2025-05-08 11:00:18.818,working
2025-05-08 11:00:20.026,working
2025-05-08 11:00:21.127,working
2025-05-08 11:00:22.218,working
2025-05-08 11:00:23.320,working
2025-05-08 11:00:24.424,working
2025-05-08 11:00:25.534,working
2025-05-08 11:00:26.857,working
2025-05-08 11:00:27.978,working
2025-05-08 11:00:29.198,working
2025-05-08 11:00:30.308,working
2025-05-08 11:00:31.396,working
2025-05-08 11:00:32.495,working
2025-05-08 11:00:33.706,working
2025-05-08 11:00:34.904,working
2025-05-08 11:00:36.020,working
2025-05-08 11:00:37.127,working
2025-05-08 11:00:38.218,working
2025-05-08 11:00:39.311,working
2025-05-08 11:00:40.421,working
2025-05-08 11:00:41.850,working
2025-05-08 11:00:43.051,working
2025-05-08 11:00:44.251,working
2025-05-08 11:00:45.361,working
2025-05-08 11:00:46.460,working
2025-05-08 11:00:47.680,working
2025-05-08 11:00:48.790,working
2025-05-08 11:00:49.890,working
2025-05-08 11:00:51.322,working
2025-05-08 11:00:52.221,working
2025-05-08 11:00:53.442,working
2025-05-08 11:00:54.541,working
2025-05-08 11:00:55.650,working
2025-05-08 11:00:56.861,working
2025-05-08 11:00:57.971,working
2025-05-08 11:00:59.081,working
2025-05-08 11:01:00.269,working
2025-05-08 11:01:01.457,working
2025-05-08 11:01:02.546,working
2025-05-08 11:01:03.644,working
2025-05-08 11:01:04.743,working
2025-05-08 11:01:05.853,working
2025-05-08 11:01:06.954,working
2025-05-08 11:01:08.396,working
2025-05-08 11:01:09.585,working
2025-05-08 11:01:11.117,working
2025-05-08 11:01:12.215,working
2025-05-08 11:01:13.326,working
2025-05-08 11:01:14.425,working
2025-05-08 11:01:15.524,working
2025-05-08 11:01:16.634,working
2025-05-08 11:01:17.756,working
2025-05-08 11:01:18.866,working
2025-05-08 11:01:19.966,working
2025-05-08 11:01:21.066,working
2025-05-08 11:01:22.175,working
2025-05-08 11:01:23.386,working
2025-05-08 11:01:24.486,working
2025-05-08 11:01:25.573,working
2025-05-08 11:01:26.905,working
2025-05-08 11:01:28.001,working
2025-05-08 11:01:29.082,working
2025-05-08 11:01:30.200,working
2025-05-08 11:01:31.401,working
2025-05-08 11:01:32.612,working
2025-05-08 11:01:33.978,working
2025-05-08 11:01:35.166,working
2025-05-08 11:01:36.376,working
2025-05-08 11:01:37.475,working
2025-05-08 11:01:38.574,working
2025-05-08 11:01:39.685,working
2025-05-08 11:01:40.784,working
2025-05-08 11:01:42.000,working
2025-05-08 11:01:43.183,working
2025-05-08 11:01:44.281,working
2025-05-08 11:01:45.368,working
2025-05-08 11:01:46.479,working
2025-05-08 11:01:47.589,working
2025-05-08 11:01:48.799,working
2025-05-08 11:01:49.898,working
2025-05-08 11:01:51.006,working
2025-05-08 11:01:52.222,working
2025-05-08 11:01:53.317,working
2025-05-08 11:01:54.428,working
2025-05-08 11:01:55.505,working
2025-05-08 11:01:56.593,working
2025-05-08 11:01:57.771,working
2025-05-08 11:01:58.858,working
2025-05-08 11:01:59.968,working
2025-05-08 11:02:01.067,working
2025-05-08 11:02:02.445,working
2025-05-08 11:02:03.545,working
2025-05-08 11:02:04.633,working
2025-05-08 11:02:05.832,working
2025-05-08 11:02:07.165,working
2025-05-08 11:02:08.375,working
2025-05-08 11:02:09.486,working
2025-05-08 11:02:10.574,working
2025-05-08 11:02:11.673,working
2025-05-08 11:02:12.784,working
2025-05-08 11:02:13.895,working
2025-05-08 11:02:15.016,working
2025-05-08 11:02:16.094,working
2025-05-08 11:02:17.193,working
2025-05-08 11:02:18.481,working
2025-05-08 11:02:19.570,working
2025-05-08 11:02:20.668,working
2025-05-08 11:02:21.767,working
2025-05-08 11:02:22.879,working
2025-05-08 11:02:23.976,working
2025-05-08 11:02:25.098,working
2025-05-08 11:02:26.212,working
2025-05-08 11:02:27.306,working
2025-05-08 11:02:28.416,working
2025-05-08 11:02:29.537,working
2025-05-08 11:02:30.647,working
2025-05-08 11:02:31.757,working
2025-05-08 11:02:32.856,working
2025-05-08 11:02:33.954,working
2025-05-08 11:02:35.076,working
2025-05-08 11:02:36.177,working
2025-05-08 11:02:37.274,working
2025-05-08 11:02:38.381,working
2025-05-08 11:02:39.471,working
2025-05-08 11:02:40.581,working
2025-05-08 11:02:41.680,working
2025-05-08 11:02:42.890,working
2025-05-08 11:02:43.989,working
2025-05-08 11:02:45.081,working
2025-05-08 11:02:46.254,working
2025-05-08 11:02:47.348,working
2025-05-08 11:02:48.440,working
2025-05-08 11:02:49.539,working
2025-05-08 11:02:50.749,working
2025-05-08 11:02:51.859,working
2025-05-08 11:02:53.236,working
2025-05-08 11:02:54.335,working
2025-05-08 11:02:55.423,working
2025-05-08 11:02:56.645,working
2025-05-08 11:02:57.433,working
2025-05-08 11:02:57.986,working
2025-05-08 11:02:58.965,working
2025-05-08 11:03:00.142,working
2025-05-08 11:03:01.227,working
2025-05-08 11:03:02.330,working
2025-05-08 11:03:03.440,working
2025-05-08 11:03:04.556,working
2025-05-08 11:03:05.650,working
2025-05-08 11:03:06.717,working
2025-05-08 11:03:07.938,working
2025-05-08 11:03:09.148,working
2025-05-08 11:03:10.247,working
2025-05-08 11:03:11.313,working
2025-05-08 11:03:12.412,working
2025-05-08 11:03:13.589,working
2025-05-08 11:03:14.689,working
2025-05-08 11:03:15.799,working
2025-05-08 11:03:16.887,working
2025-05-08 11:03:17.986,working
2025-05-08 11:03:19.108,working
2025-05-08 11:03:20.706,working
2025-05-08 11:03:22.472,working
2025-05-08 11:03:23.670,working
2025-05-08 11:03:24.780,working
2025-05-08 11:03:25.880,working
2025-05-08 11:03:26.968,working
2025-05-08 11:03:28.089,working
2025-05-08 11:03:29.208,working
2025-05-08 11:03:30.301,working
2025-05-08 11:03:31.497,working
2025-05-08 11:03:32.819,working
2025-05-08 11:03:34.151,working
2025-05-08 11:03:35.350,working
2025-05-08 11:03:36.560,working
2025-05-08 11:03:37.893,working
2025-05-08 11:03:38.969,working
2025-05-08 11:03:40.068,working
2025-05-08 11:03:41.256,working
2025-05-08 11:03:42.577,working
2025-05-08 11:03:43.872,working
2025-05-08 11:03:44.976,working
2025-05-08 11:03:46.086,working
2025-05-08 11:03:47.196,working
2025-05-08 11:03:48.306,working
2025-05-08 11:03:49.416,working
2025-05-08 11:03:50.526,working
2025-05-08 11:03:51.636,working
2025-05-08 11:03:52.846,working
2025-05-08 11:03:53.956,working
2025-05-08 11:03:55.168,working
2025-05-08 11:03:56.365,working
2025-05-08 11:03:57.586,working
2025-05-08 11:03:58.270,working
2025-05-08 11:03:59.363,working
2025-05-08 11:04:00.472,working
2025-05-08 11:04:01.693,working
2025-05-08 11:04:02.803,working
2025-05-08 11:04:04.011,working
2025-05-08 11:04:05.100,working
2025-05-08 11:04:06.213,working
2025-05-08 11:04:07.320,working
2025-05-08 11:04:08.420,working
2025-05-08 11:04:09.530,working
2025-05-08 11:04:10.640,working
2025-05-08 11:04:11.750,working
2025-05-08 11:04:12.848,working
2025-05-08 11:04:14.069,working
2025-05-08 11:04:15.290,working
2025-05-08 11:04:16.489,working
2025-05-08 11:04:18.044,working
2025-05-08 11:04:19.041,working
2025-05-08 11:04:20.160,working
2025-05-08 11:04:21.241,working
2025-05-08 11:04:22.453,working
2025-05-08 11:04:23.525,working
2025-05-08 11:04:24.624,working
2025-05-08 11:04:25.833,working
2025-05-08 11:04:27.154,working
2025-05-08 11:04:28.375,working
2025-05-08 11:04:29.874,working
2025-05-08 11:04:30.818,working
2025-05-08 11:04:31.906,working
2025-05-08 11:04:32.972,working
2025-05-08 11:04:34.171,working
2025-05-08 11:04:35.260,working
2025-05-08 11:04:36.481,working
2025-05-08 11:04:37.703,working
2025-05-08 11:04:38.790,working
2025-05-08 11:04:39.889,working
2025-05-08 11:04:40.996,working
2025-05-08 11:04:42.104,working
2025-05-08 11:04:43.209,working
2025-05-08 11:04:44.320,working
2025-05-08 11:04:45.429,working
2025-05-08 11:04:46.895,working
2025-05-08 11:04:48.004,working
2025-05-08 11:04:49.122,working
2025-05-08 11:04:50.224,working
2025-05-08 11:04:51.335,working
2025-05-08 11:04:52.444,working
2025-05-08 11:04:53.554,working
2025-05-08 11:04:54.665,working
2025-05-08 11:04:55.774,working
2025-05-08 11:04:56.885,working
2025-05-08 11:04:57.972,working
2025-05-08 11:04:59.693,working
2025-05-08 11:05:00.792,working
2025-05-08 11:05:01.901,working
2025-05-08 11:05:03.111,working
2025-05-08 11:05:04.366,working
2025-05-08 11:05:05.475,working
2025-05-08 11:05:06.696,working
2025-05-08 11:05:07.784,working
2025-05-08 11:05:08.872,working
2025-05-08 11:05:09.984,working
2025-05-08 11:05:11.105,working
2025-05-08 11:05:12.315,working
2025-05-08 11:05:13.533,working
2025-05-08 11:05:14.632,working
2025-05-08 11:05:15.731,working
2025-05-08 11:05:16.830,working
2025-05-08 11:05:17.929,working
2025-05-08 11:05:19.138,working
2025-05-08 11:05:20.237,working
2025-05-08 11:05:21.351,working
2025-05-08 11:05:22.445,working
2025-05-08 11:05:23.556,working
2025-05-08 11:05:24.677,working
2025-05-08 11:05:25.775,working
2025-05-08 11:05:26.886,working
2025-05-08 11:05:27.998,working
2025-05-08 11:05:29.595,working
2025-05-08 11:05:30.686,working
2025-05-08 11:05:32.237,working
2025-05-08 11:05:33.436,working
2025-05-08 11:05:34.524,working
2025-05-08 11:05:35.723,working
2025-05-08 11:05:36.946,working
2025-05-08 11:05:38.144,working
2025-05-08 11:05:39.367,working
2025-05-08 11:05:40.576,working
2025-05-08 11:05:41.675,working
2025-05-08 11:05:42.863,working
2025-05-08 11:05:43.962,working
2025-05-08 11:05:45.161,working
2025-05-08 11:05:46.338,working
2025-05-08 11:05:47.416,working
2025-05-08 11:05:48.637,working
2025-05-08 11:05:49.725,working
2025-05-08 11:05:50.913,working
2025-05-08 11:05:52.025,working
2025-05-08 11:05:53.212,working
2025-05-08 11:05:54.299,working
2025-05-08 11:05:55.487,working
2025-05-08 11:05:56.696,working
2025-05-08 11:05:57.907,working
2025-05-08 11:05:59.294,working
2025-05-08 11:06:00.404,working
2025-05-08 11:06:01.593,working
2025-05-08 11:06:02.714,working
2025-05-08 11:06:03.803,working
2025-05-08 11:06:05.003,working
2025-05-08 11:06:06.117,working
2025-05-08 11:06:07.733,working
2025-05-08 11:06:08.921,working
2025-05-08 11:06:09.998,working
2025-05-08 11:06:11.087,working
2025-05-08 11:06:12.196,working
2025-05-08 11:06:13.307,working
2025-05-08 11:06:14.384,working
2025-05-08 11:06:15.596,working
2025-05-08 11:06:16.805,working
2025-05-08 11:06:17.917,working
2025-05-08 11:06:19.048,working
2025-05-08 11:06:20.115,working
2025-05-08 11:06:21.222,working
2025-05-08 11:06:22.291,working
2025-05-08 11:06:23.602,working
2025-05-08 11:06:24.789,working
2025-05-08 11:06:25.889,working
2025-05-08 11:06:27.487,working
2025-05-08 11:06:28.686,working
2025-05-08 11:06:29.785,working
2025-05-08 11:06:30.885,working
2025-05-08 11:06:32.017,working
2025-05-08 11:06:33.244,working
2025-05-08 11:06:34.315,working
2025-05-08 11:06:35.393,working
2025-05-08 11:06:36.591,working
2025-05-08 11:06:37.901,working
2025-05-08 11:06:38.989,working
2025-05-08 11:06:40.199,working
2025-05-08 11:06:41.298,working
2025-05-08 11:06:42.375,working
2025-05-08 11:06:43.574,working
2025-05-08 11:06:44.672,working
2025-05-08 11:06:45.782,working
2025-05-08 11:06:46.993,working
2025-05-08 11:06:48.230,working
2025-05-08 11:06:49.335,working
2025-05-08 11:06:50.434,working
2025-05-08 11:06:51.533,working
2025-05-08 11:06:52.632,working
2025-05-08 11:06:53.742,working
2025-05-08 11:06:54.830,working
2025-05-08 11:06:55.940,working
2025-05-08 11:06:57.139,working
2025-05-08 11:06:58.670,working
2025-05-08 11:06:59.770,working
2025-05-08 11:07:00.869,working
2025-05-08 11:07:01.946,working
2025-05-08 11:07:03.377,working
2025-05-08 11:07:04.598,working
2025-05-08 11:07:05.798,working
2025-05-08 11:07:07.334,working
2025-05-08 11:07:08.419,working
2025-05-08 11:07:09.529,working
2025-05-08 11:07:10.844,working
2025-05-08 11:07:11.939,working
2025-05-08 11:07:13.004,working
2025-05-08 11:07:14.103,working
2025-05-08 11:07:15.213,working
2025-05-08 11:07:16.312,working
2025-05-08 11:07:17.534,working
2025-05-08 11:07:18.656,working
2025-05-08 11:07:19.777,working
2025-05-08 11:07:20.888,working
2025-05-08 11:07:21.987,working
2025-05-08 11:07:23.113,working
2025-05-08 11:07:24.318,working
2025-05-08 11:07:25.806,working
2025-05-08 11:07:27.128,working
2025-05-08 11:07:28.246,working
2025-05-08 11:07:29.337,working
2025-05-08 11:07:30.525,working
2025-05-08 11:07:31.744,working
2025-05-08 11:07:32.968,working
2025-05-08 11:07:34.178,working
2025-05-08 11:07:35.283,working
2025-05-08 11:07:36.355,working
2025-05-08 11:07:37.432,working
2025-05-08 11:07:38.509,working
2025-05-08 11:07:39.620,working
2025-05-08 11:07:40.719,working
2025-05-08 11:07:41.929,working
2025-05-08 11:07:43.129,working
2025-05-08 11:07:44.327,working
2025-05-08 11:07:45.926,working
2025-05-08 11:07:47.138,working
2025-05-08 11:07:48.358,working
2025-05-08 11:07:49.457,working
2025-05-08 11:07:50.667,working
2025-05-08 11:07:51.789,working
2025-05-08 11:07:52.878,working
2025-05-08 11:07:53.987,working
2025-05-08 11:07:55.078,working
2025-05-08 11:07:56.176,working
2025-05-08 11:07:57.263,working
2025-05-08 11:07:58.364,working
2025-05-08 11:07:59.585,working
2025-05-08 11:08:01.023,working
2025-05-08 11:08:02.250,working
2025-05-08 11:08:03.471,idle
2025-05-08 11:08:04.693,idle
2025-05-08 11:08:05.792,idle
2025-05-08 11:08:06.869,idle
2025-05-08 11:08:07.968,idle
2025-05-08 11:08:09.172,idle
2025-05-08 11:08:10.268,idle
2025-05-08 11:08:11.354,idle
2025-05-08 11:08:12.453,idle
2025-05-08 11:08:13.563,idle
2025-05-08 11:08:14.674,idle
2025-05-08 11:08:15.772,idle
2025-05-08 11:08:16.882,idle
2025-05-08 11:08:18.116,idle
2025-05-08 11:08:19.217,idle
2025-05-08 11:08:20.512,idle
2025-05-08 11:08:21.546,idle
2025-05-08 11:08:22.857,idle
2025-05-08 11:08:23.955,idle
2025-05-08 11:08:25.062,idle
2025-05-08 11:08:26.269,idle
2025-05-08 11:08:27.486,idle
2025-05-08 11:08:28.585,idle
2025-05-08 11:08:29.696,idle
2025-05-08 11:08:30.784,idle
2025-05-08 11:08:31.894,idle
2025-05-08 11:08:33.013,idle
2025-05-08 11:08:34.081,idle
2025-05-08 11:08:35.169,idle
2025-05-08 11:08:36.265,idle
2025-05-08 11:08:37.367,idle
2025-05-08 11:08:38.478,idle
2025-05-08 11:08:39.577,idle
2025-05-08 11:08:40.665,idle
2025-05-08 11:08:41.765,idle
2025-05-08 11:08:42.978,idle
2025-05-08 11:08:44.174,idle
2025-05-08 11:08:45.395,idle
2025-05-08 11:08:46.616,idle
2025-05-08 11:08:48.094,idle
2025-05-08 11:08:48.971,idle
2025-05-08 11:08:50.049,idle
2025-05-08 11:08:51.148,idle
2025-05-08 11:08:52.369,idle
2025-05-08 11:08:53.957,idle
2025-05-08 11:08:55.167,idle
2025-05-08 11:08:56.277,idle
2025-05-08 11:08:57.466,idle
2025-05-08 11:08:58.576,idle
2025-05-08 11:08:59.686,idle
2025-05-08 11:09:00.796,idle
2025-05-08 11:09:01.907,idle
2025-05-08 11:09:03.006,idle
2025-05-08 11:09:04.111,idle
2025-05-08 11:09:05.592,idle
2025-05-08 11:09:06.803,idle
2025-05-08 11:09:07.912,idle
2025-05-08 11:09:09.019,idle
2025-05-08 11:09:10.126,idle
2025-05-08 11:09:11.298,idle
2025-05-08 11:09:12.397,idle
2025-05-08 11:09:13.618,idle
2025-05-08 11:09:14.717,idle
2025-05-08 11:09:15.806,idle
2025-05-08 11:09:16.993,idle
2025-05-08 11:09:18.203,idle
2025-05-08 11:09:19.402,idle
2025-05-08 11:09:20.468,idle
2025-05-08 11:09:21.567,idle
2025-05-08 11:09:22.666,idle
2025-05-08 11:09:23.865,idle
2025-05-08 11:09:24.975,idle
2025-05-08 11:09:26.108,idle
2025-05-08 11:09:27.208,idle
2025-05-08 11:09:28.539,idle
2025-05-08 11:09:29.971,idle
2025-05-08 11:09:31.060,idle
2025-05-08 11:09:32.269,idle
2025-05-08 11:09:33.479,idle
2025-05-08 11:09:34.911,idle
2025-05-08 11:09:36.138,idle
2025-05-08 11:09:37.246,idle
2025-05-08 11:09:38.321,idle
2025-05-08 11:09:39.441,idle
2025-05-08 11:09:40.540,idle
2025-05-08 11:09:41.752,idle
2025-05-08 11:09:43.172,idle
2025-05-08 11:09:44.393,idle
2025-05-08 11:09:45.514,idle
2025-05-08 11:09:46.613,idle
2025-05-08 11:09:47.934,idle
2025-05-08 11:09:49.057,idle
2025-05-08 11:09:50.265,idle
2025-05-08 11:09:51.581,idle
2025-05-08 11:09:52.677,idle
2025-05-08 11:09:53.763,idle
2025-05-08 11:09:54.872,idle
2025-05-08 11:09:55.983,idle
2025-05-08 11:09:57.104,idle
2025-05-08 11:09:58.580,idle
2025-05-08 11:09:59.689,idle
2025-05-08 11:10:00.799,idle
2025-05-08 11:10:01.910,idle
2025-05-08 11:10:03.019,idle
2025-05-08 11:10:04.121,idle
2025-05-08 11:10:05.233,idle
2025-05-08 11:10:06.328,idle
2025-05-08 11:10:07.440,idle
2025-05-08 11:10:08.560,idle
2025-05-08 11:10:09.670,idle
2025-05-08 11:10:10.746,idle
2025-05-08 11:10:11.857,idle
2025-05-08 11:10:12.966,idle
2025-05-08 11:10:14.088,idle
2025-05-08 11:10:15.287,idle
2025-05-08 11:10:16.398,idle
2025-05-08 11:10:17.596,idle
2025-05-08 11:10:18.806,idle
2025-05-08 11:10:19.894,idle
2025-05-08 11:10:21.270,idle
2025-05-08 11:10:22.469,idle
2025-05-08 11:10:23.568,idle
2025-05-08 11:10:24.788,idle
2025-05-08 11:10:26.005,idle
2025-05-08 11:10:27.102,idle
2025-05-08 11:10:28.306,idle
2025-05-08 11:10:29.416,idle
2025-05-08 11:10:30.637,idle
2025-05-08 11:10:31.825,idle
2025-05-08 11:10:33.058,idle
2025-05-08 11:10:34.256,idle
2025-05-08 11:10:35.355,idle
2025-05-08 11:10:36.587,idle
2025-05-08 11:10:37.686,idle
2025-05-08 11:10:38.906,idle
2025-05-08 11:10:40.128,idle
2025-05-08 11:10:41.249,idle
2025-05-08 11:10:42.346,idle
2025-05-08 11:10:43.447,idle
2025-05-08 11:10:44.556,idle
2025-05-08 11:10:45.654,idle
2025-05-08 11:10:46.964,idle
2025-05-08 11:10:48.046,idle
2025-05-08 11:10:49.259,idle
2025-05-08 11:10:50.327,idle
2025-05-08 11:10:51.436,idle
2025-05-08 11:10:52.546,idle
2025-05-08 11:10:53.623,idle
2025-05-08 11:10:54.844,idle
2025-05-08 11:10:56.176,idle
2025-05-08 11:10:57.385,idle
2025-05-08 11:10:58.495,idle
2025-05-08 11:10:59.716,idle
2025-05-08 11:11:00.914,idle
2025-05-08 11:11:02.033,idle
2025-05-08 11:11:03.134,idle
2025-05-08 11:11:04.227,idle
2025-05-08 11:11:05.332,idle
2025-05-08 11:11:06.855,idle
2025-05-08 11:11:08.049,idle
2025-05-08 11:11:09.250,idle
2025-05-08 11:11:10.586,idle
2025-05-08 11:11:11.691,idle
2025-05-08 11:11:12.789,idle
2025-05-08 11:11:13.899,idle
2025-05-08 11:11:15.016,idle
2025-05-08 11:11:16.108,idle
2025-05-08 11:11:17.223,idle
2025-05-08 11:11:18.365,idle
2025-05-08 11:11:19.457,idle
2025-05-08 11:11:20.567,idle
2025-05-08 11:11:21.666,idle
2025-05-08 11:11:22.776,idle
2025-05-08 11:11:24.006,idle
2025-05-08 11:11:25.087,idle
2025-05-08 11:11:26.215,idle
2025-05-08 11:11:27.313,idle
2025-05-08 11:11:28.435,idle
2025-05-08 11:11:29.543,idle
2025-05-08 11:11:30.653,idle
2025-05-08 11:11:31.752,idle
2025-05-08 11:11:32.862,idle
2025-05-08 11:11:34.193,idle
2025-05-08 11:11:35.303,idle
2025-05-08 11:11:36.390,idle
2025-05-08 11:11:37.933,idle
2025-05-08 11:11:39.143,idle
2025-05-08 11:11:40.257,idle
2025-05-08 11:11:41.362,idle
2025-05-08 11:11:42.472,idle
2025-05-08 11:11:43.670,idle
2025-05-08 11:11:44.769,idle
2025-05-08 11:11:46.237,idle
2025-05-08 11:11:47.310,idle
2025-05-08 11:11:48.198,idle
2025-05-08 11:11:48.753,idle
2025-05-08 11:11:49.640,idle
2025-05-08 11:11:50.739,idle
2025-05-08 11:11:52.157,idle
2025-05-08 11:11:53.148,idle
2025-05-08 11:11:54.259,idle
2025-05-08 11:11:55.366,idle
2025-05-08 11:11:56.477,idle
2025-05-08 11:11:57.575,idle
2025-05-08 11:11:58.895,idle
2025-05-08 11:12:00.117,idle
2025-05-08 11:12:01.233,idle
2025-05-08 11:12:02.339,idle
2025-05-08 11:12:03.435,idle
2025-05-08 11:12:04.512,idle
2025-05-08 11:12:05.610,idle
2025-05-08 11:12:07.287,idle
2025-05-08 11:12:08.507,idle
2025-05-08 11:12:09.607,idle
2025-05-08 11:12:10.684,idle
2025-05-08 11:12:11.783,idle
2025-05-08 11:12:12.882,idle
2025-05-08 11:12:14.211,idle
2025-05-08 11:12:15.401,idle
2025-05-08 11:12:16.855,idle
2025-05-08 11:12:17.954,idle
2025-05-08 11:12:19.053,idle
2025-05-08 11:12:20.274,idle
2025-05-08 11:12:21.496,idle
2025-05-08 11:12:22.705,idle
2025-05-08 11:12:23.815,idle
2025-05-08 11:12:25.021,idle
2025-05-08 11:12:26.124,idle
2025-05-08 11:12:27.577,off
2025-05-08 11:12:28.687,off
2025-05-08 11:12:29.897,off
2025-05-08 11:12:31.024,off
2025-05-08 11:12:32.110,off
2025-05-08 11:12:33.205,off
2025-05-08 11:12:34.313,off
2025-05-08 11:12:35.435,off
2025-05-08 11:12:36.545,off
2025-05-08 11:12:37.655,off
2025-05-08 11:12:38.764,off
2025-05-08 11:12:39.874,off
2025-05-08 11:12:40.973,off
2025-05-08 11:12:42.083,off
2025-05-08 11:12:43.201,off
2025-05-08 11:12:44.326,off
2025-05-08 11:12:45.436,off
2025-05-08 11:12:46.534,off
2025-05-08 11:12:47.844,off
2025-05-08 11:12:48.953,off
2025-05-08 11:12:50.066,off
2025-05-08 11:12:51.284,off
2025-05-08 11:12:52.506,off
2025-05-08 11:12:53.883,off
2025-05-08 11:12:54.970,off
2025-05-08 11:12:56.107,off
2025-05-08 11:12:57.189,off
2025-05-08 11:12:58.389,off
2025-05-08 11:12:59.710,off
2025-05-08 11:13:00.909,off
2025-05-08 11:13:02.020,off
2025-05-08 11:13:03.128,off
2025-05-08 11:13:04.428,off
2025-05-08 11:13:05.615,off
2025-05-08 11:13:06.703,off
2025-05-08 11:13:07.801,off
2025-05-08 11:13:09.026,off
2025-05-08 11:13:10.255,off
2025-05-08 11:13:11.353,off
2025-05-08 11:13:12.452,off
2025-05-08 11:13:13.561,off
2025-05-08 11:13:14.770,off
2025-05-08 11:13:15.869,off
2025-05-08 11:13:16.979,off
2025-05-08 11:13:18.431,off
2025-05-08 11:13:19.632,off
2025-05-08 11:13:20.734,off
2025-05-08 11:13:21.841,off
2025-05-08 11:13:22.946,off
2025-05-08 11:13:24.160,off
2025-05-08 11:13:25.253,off
2025-05-08 11:13:26.356,off
2025-05-08 11:13:27.456,off
2025-05-08 11:13:28.565,off
2025-05-08 11:13:29.642,off
2025-05-08 11:13:31.296,off
2025-05-08 11:13:32.396,off
2025-05-08 11:13:33.594,off
2025-05-08 11:13:34.915,off
2025-05-08 11:13:36.326,off
2025-05-08 11:13:37.423,off
2025-05-08 11:13:38.511,off
2025-05-08 11:13:39.732,off
2025-05-08 11:13:40.953,off
2025-05-08 11:13:42.153,off
2025-05-08 11:13:43.261,off
2025-05-08 11:13:44.372,off
2025-05-08 11:13:45.581,off
2025-05-08 11:13:46.669,off
2025-05-08 11:13:47.779,off
2025-05-08 11:13:49.007,off
2025-05-08 11:13:50.311,off
2025-05-08 11:13:51.521,off
2025-05-08 11:13:52.609,off
2025-05-08 11:13:53.686,off
2025-05-08 11:13:54.796,off
2025-05-08 11:13:55.984,off
2025-05-08 11:13:56.534,off
2025-05-08 11:13:57.305,off
2025-05-08 11:13:58.504,off
2025-05-08 11:13:59.714,off
2025-05-08 11:14:00.924,off
2025-05-08 11:14:02.258,off
2025-05-08 11:14:03.466,off
2025-05-08 11:14:04.577,off
2025-05-08 11:14:06.177,off
2025-05-08 11:14:07.638,off
2025-05-08 11:14:08.740,off
2025-05-08 11:14:09.850,off
2025-05-08 11:14:11.089,off
2025-05-08 11:14:12.282,off
2025-05-08 11:14:13.492,off
2025-05-08 11:14:14.580,off
2025-05-08 11:14:15.669,off
2025-05-08 11:14:16.757,off
2025-05-08 11:14:17.855,off
2025-05-08 11:14:19.167,off
2025-05-08 11:14:20.265,off
2025-05-08 11:14:21.449,off
2025-05-08 11:14:22.551,off
2025-05-08 11:14:23.671,off
2025-05-08 11:14:25.082,off
2025-05-08 11:14:26.192,off
2025-05-08 11:14:27.291,off
2025-05-08 11:14:28.390,off
2025-05-08 11:14:29.611,off
2025-05-08 11:14:30.711,off
2025-05-08 11:14:31.932,off
2025-05-08 11:14:33.042,off
2025-05-08 11:14:34.153,off
2025-05-08 11:14:35.764,off
2025-05-08 11:14:36.807,off
2025-05-08 11:14:37.906,off
2025-05-08 11:14:39.007,off
2025-05-08 11:14:40.105,off
2025-05-08 11:14:41.226,off
2025-05-08 11:14:42.325,off
2025-05-08 11:14:43.413,off
2025-05-08 11:14:44.512,off
2025-05-08 11:14:45.711,off
2025-05-08 11:14:46.788,off
2025-05-08 11:14:47.895,off
2025-05-08 11:14:48.987,off
2025-05-08 11:14:50.085,off
2025-05-08 11:14:51.195,off
2025-05-08 11:14:52.315,off
2025-05-08 11:14:53.425,off
2025-05-08 11:14:54.747,off
2025-05-08 11:14:55.857,off
2025-05-08 11:14:57.280,off
2025-05-08 11:14:58.477,off
2025-05-08 11:14:59.698,off
2025-05-08 11:15:00.885,off
2025-05-08 11:15:01.984,off
2025-05-08 11:15:03.449,off
2025-05-08 11:15:04.648,off
2025-05-08 11:15:06.124,off
2025-05-08 11:15:07.612,off
2025-05-08 11:15:08.888,off
2025-05-08 11:15:10.006,off
2025-05-08 11:15:11.108,off
2025-05-08 11:15:12.451,off
2025-05-08 11:15:13.783,off
2025-05-08 11:15:14.893,off
2025-05-08 11:15:15.980,off
2025-05-08 11:15:17.089,off
2025-05-08 11:15:18.210,off
2025-05-08 11:15:19.310,off
2025-05-08 11:15:20.431,off
2025-05-08 11:15:21.630,off
2025-05-08 11:15:23.173,off
2025-05-08 11:15:24.394,off
2025-05-08 11:15:25.615,off
2025-05-08 11:15:26.824,off
2025-05-08 11:15:28.167,off
2025-05-08 11:15:29.278,off
2025-05-08 11:15:30.487,off
2025-05-08 11:15:31.697,off
2025-05-08 11:15:32.800,off
2025-05-08 11:15:33.673,off
2025-05-08 11:15:34.781,off
2025-05-08 11:15:36.168,off
2025-05-08 11:15:37.378,off
2025-05-08 11:15:38.477,off
2025-05-08 11:15:39.575,off
2025-05-08 11:15:40.673,off
2025-05-08 11:15:41.783,off
2025-05-08 11:15:42.982,off
2025-05-08 11:15:44.181,off
2025-05-08 11:15:45.301,off
2025-05-08 11:15:46.412,off
2025-05-08 11:15:47.737,off
2025-05-08 11:15:48.852,off
2025-05-08 11:15:49.962,off
2025-05-08 11:15:51.083,off
2025-05-08 11:15:52.282,off
2025-05-08 11:15:53.494,off
2025-05-08 11:15:54.602,off
2025-05-08 11:15:55.701,off
2025-05-08 11:15:57.168,off
2025-05-08 11:15:58.354,off
2025-05-08 11:15:59.452,off
2025-05-08 11:16:00.552,off
2025-05-08 11:16:01.662,off
2025-05-08 11:16:02.861,off
2025-05-08 11:16:04.171,off
2025-05-08 11:16:05.292,off
2025-05-08 11:16:06.502,off
2025-05-08 11:16:07.816,off
2025-05-08 11:16:08.922,off
2025-05-08 11:16:10.018,off
2025-05-08 11:16:11.098,off
2025-05-08 11:16:12.175,off
2025-05-08 11:16:13.545,off
2025-05-08 11:16:14.085,off
2025-05-08 11:16:15.207,off
2025-05-08 11:16:16.707,off
2025-05-08 11:16:17.916,off
2025-05-08 11:16:19.226,off
2025-05-08 11:16:20.325,off
2025-05-08 11:16:21.735,off
2025-05-08 11:16:22.957,off
2025-05-08 11:16:24.178,off
2025-05-08 11:16:25.378,off
2025-05-08 11:16:26.477,off
2025-05-08 11:16:27.587,off
2025-05-08 11:16:29.008,off
2025-05-08 11:16:30.108,off
2025-05-08 11:16:31.219,off
2025-05-08 11:16:32.318,off
2025-05-08 11:16:33.417,off
2025-05-08 11:16:34.627,off
2025-05-08 11:16:35.826,off
2025-05-08 11:16:36.937,off
2025-05-08 11:16:38.137,off
2025-05-08 11:16:39.236,off
2025-05-08 11:16:40.326,off
2025-05-08 11:16:41.423,off
2025-05-08 11:16:42.522,off
2025-05-08 11:16:43.621,off
2025-05-08 11:16:44.820,off
2025-05-08 11:16:45.920,off
2025-05-08 11:16:47.030,off
2025-05-08 11:16:48.529,off
2025-05-08 11:16:49.628,off
2025-05-08 11:16:50.805,off
2025-05-08 11:16:51.905,off
2025-05-08 11:16:53.017,off
2025-05-08 11:16:54.224,off
2025-05-08 11:16:55.324,off
2025-05-08 11:16:56.424,off
2025-05-08 11:16:57.534,off
2025-05-08 11:16:58.755,off
2025-05-08 11:17:00.254,off
2025-05-08 11:17:01.331,off
2025-05-08 11:17:02.430,off
2025-05-08 11:17:03.496,off
2025-05-08 11:17:04.607,off
2025-05-08 11:17:05.716,off
2025-05-08 11:17:06.938,off
2025-05-08 11:17:08.050,off
2025-05-08 11:17:09.269,off
2025-05-08 11:17:10.368,off
2025-05-08 11:17:11.466,off
2025-05-08 11:17:12.543,off
2025-05-08 11:17:13.753,off
2025-05-08 11:17:14.841,off
2025-05-08 11:17:15.951,off
2025-05-08 11:17:17.172,off
2025-05-08 11:17:18.392,off
2025-05-08 11:17:19.469,off
2025-05-08 11:17:20.690,off
2025-05-08 11:17:21.944,off
2025-05-08 11:17:23.165,off
2025-05-08 11:17:24.275,off
2025-05-08 11:17:25.485,off
2025-05-08 11:17:26.961,off
2025-05-08 11:17:28.082,off
2025-05-08 11:17:29.914,off
2025-05-08 11:17:31.017,off
2025-05-08 11:17:32.114,off
2025-05-08 11:17:33.442,off
2025-05-08 11:17:34.530,off
2025-05-08 11:17:35.641,off
2025-05-08 11:17:36.852,off
2025-05-08 11:17:38.049,off
2025-05-08 11:17:39.570,off
2025-05-08 11:17:40.680,off
2025-05-08 11:17:41.791,off
2025-05-08 11:17:43.110,off
2025-05-08 11:17:44.431,off
2025-05-08 11:17:45.530,off
2025-05-08 11:17:46.707,off
2025-05-08 11:17:47.928,off
2025-05-08 11:17:49.045,off
2025-05-08 11:17:50.157,off
2025-05-08 11:17:51.260,off
2025-05-08 11:17:52.455,off
2025-05-08 11:17:53.676,off
2025-05-08 11:17:54.787,off
2025-05-08 11:17:55.908,off
2025-05-08 11:17:57.027,off
2025-05-08 11:17:58.132,off
2025-05-08 11:17:59.323,off
2025-05-08 11:18:00.424,off
2025-05-08 11:18:01.634,off
2025-05-08 11:18:02.745,off
2025-05-08 11:18:03.943,off
2025-05-08 11:18:05.153,off
2025-05-08 11:18:06.828,off
2025-05-08 11:18:07.943,off
2025-05-08 11:18:09.170,off
2025-05-08 11:18:10.385,off
2025-05-08 11:18:11.490,off
2025-05-08 11:18:12.600,off
2025-05-08 11:18:13.710,off
2025-05-08 11:18:14.798,off
2025-05-08 11:18:15.898,off
2025-05-08 11:18:17.100,off
2025-05-08 11:18:18.185,off
2025-05-08 11:18:19.382,off
2025-05-08 11:18:20.581,off
2025-05-08 11:18:21.702,off
2025-05-08 11:18:22.923,off
2025-05-08 11:18:24.134,off
2025-05-08 11:18:25.232,off
2025-05-08 11:18:26.347,off
2025-05-08 11:18:27.452,off
2025-05-08 11:18:28.740,off
2025-05-08 11:18:29.949,off
2025-05-08 11:18:31.171,off
2025-05-08 11:18:32.381,off
2025-05-08 11:18:33.591,off
2025-05-08 11:18:34.679,off
2025-05-08 11:18:35.800,off
2025-05-08 11:18:36.913,off
2025-05-08 11:18:38.040,off
2025-05-08 11:18:39.119,off
2025-05-08 11:18:40.228,off
2025-05-08 11:18:41.338,off
2025-05-08 11:18:42.861,off
2025-05-08 11:18:43.959,off
2025-05-08 11:18:45.169,off
2025-05-08 11:18:46.379,off
2025-05-08 11:18:47.866,off
2025-05-08 11:18:49.388,off
2025-05-08 11:18:50.698,off
2025-05-08 11:18:51.810,off
2025-05-08 11:18:53.031,off
2025-05-08 11:18:54.106,off
2025-05-08 11:18:55.216,off
2025-05-08 11:18:56.425,off
2025-05-08 11:18:57.523,off
2025-05-08 11:18:58.634,off
2025-05-08 11:18:59.831,off
2025-05-08 11:19:01.164,off
2025-05-08 11:19:02.261,off
2025-05-08 11:19:03.357,off
2025-05-08 11:19:04.448,off
2025-05-08 11:19:05.547,off
2025-05-08 11:19:06.645,off
2025-05-08 11:19:07.744,off
2025-05-08 11:19:08.964,off
2025-05-08 11:19:10.429,off
2025-05-08 11:19:11.501,off
2025-05-08 11:19:12.593,off
2025-05-08 11:19:13.803,off
2025-05-08 11:19:14.902,off
2025-05-08 11:19:15.989,off
2025-05-08 11:19:17.210,off
2025-05-08 11:19:18.430,off
2025-05-08 11:19:19.518,off
2025-05-08 11:19:20.728,off
2025-05-08 11:19:21.937,off
2025-05-08 11:19:23.149,off
2025-05-08 11:19:24.294,off
2025-05-08 11:19:25.488,off
2025-05-08 11:19:26.697,off
2025-05-08 11:19:27.918,off
2025-05-08 11:19:29.028,off
2025-05-08 11:19:30.114,off
2025-05-08 11:19:31.413,off
2025-05-08 11:19:32.623,off
2025-05-08 11:19:34.366,off
2025-05-08 11:19:35.697,off
2025-05-08 11:19:36.806,off
2025-05-08 11:19:37.882,off
2025-05-08 11:19:39.225,off
2025-05-08 11:19:40.324,off
2025-05-08 11:19:41.423,off
2025-05-08 11:19:42.521,off
2025-05-08 11:19:43.620,off
2025-05-08 11:19:44.842,off
2025-05-08 11:19:46.161,off
2025-05-08 11:19:47.359,off
2025-05-08 11:19:48.569,off
2025-05-08 11:19:49.967,off
2025-05-08 11:19:51.087,off
2025-05-08 11:19:52.186,off
2025-05-08 11:19:53.395,off
2025-05-08 11:19:55.171,off
2025-05-08 11:19:56.392,off
2025-05-08 11:19:57.601,off
2025-05-08 11:19:58.965,off
2025-05-08 11:20:00.286,off
2025-05-08 11:20:01.395,off
2025-05-08 11:20:02.705,off
2025-05-08 11:20:03.922,off
2025-05-08 11:20:05.245,off
2025-05-08 11:20:07.165,off
2025-05-08 11:20:08.385,off
2025-05-08 11:20:09.473,off
2025-05-08 11:20:10.826,off
2025-05-08 11:20:12.147,off
2025-05-08 11:20:13.245,off
2025-05-08 11:20:14.321,off
2025-05-08 11:20:15.542,off
2025-05-08 11:20:16.641,off
2025-05-08 11:20:17.761,off
2025-05-08 11:20:18.875,off
2025-05-08 11:20:20.325,off
2025-05-08 11:20:21.522,off
2025-05-08 11:20:22.742,off
2025-05-08 11:20:23.930,off
2025-05-08 11:20:25.150,off
2025-05-08 11:20:26.370,off
2025-05-08 11:20:27.469,off
2025-05-08 11:20:28.688,off
2025-05-08 11:20:29.806,off
2025-05-08 11:20:30.896,off
2025-05-08 11:20:32.006,off
2025-05-08 11:20:33.233,off
2025-05-08 11:20:34.337,off
2025-05-08 11:20:35.546,off
2025-05-08 11:20:36.644,off
2025-05-08 11:20:37.743,off
2025-05-08 11:20:38.964,off
2025-05-08 11:20:40.053,off
2025-05-08 11:20:41.382,off
2025-05-08 11:20:42.591,off
2025-05-08 11:20:43.690,off
2025-05-08 11:20:44.800,off
2025-05-08 11:20:45.898,off
2025-05-08 11:20:47.118,off
2025-05-08 11:20:48.220,off
2025-05-08 11:20:49.338,off
2025-05-08 11:20:50.447,off
2025-05-08 11:20:51.657,off
2025-05-08 11:20:52.789,off
2025-05-08 11:20:54.324,off
2025-05-08 11:20:55.519,off
2025-05-08 11:20:56.839,off
2025-05-08 11:20:58.170,off
2025-05-08 11:20:59.380,off
2025-05-08 11:21:00.589,off
2025-05-08 11:21:01.687,off
2025-05-08 11:21:03.240,off
2025-05-08 11:21:04.461,off
2025-05-08 11:21:05.680,off
2025-05-08 11:21:06.778,off
2025-05-08 11:21:07.977,off
2025-05-08 11:21:09.098,off
2025-05-08 11:21:10.295,off
2025-05-08 11:21:11.605,off
2025-05-08 11:21:12.961,off
2025-05-08 11:21:14.179,off
2025-05-08 11:21:15.377,off
2025-05-08 11:21:16.586,off
2025-05-08 11:21:17.696,off
2025-05-08 11:21:18.794,off
2025-05-08 11:21:19.903,off
2025-05-08 11:21:21.001,off
2025-05-08 11:21:22.233,off
2025-05-08 11:21:23.299,off
2025-05-08 11:21:24.409,off
2025-05-08 11:21:25.496,off
2025-05-08 11:21:26.816,off
2025-05-08 11:21:27.916,off
2025-05-08 11:21:29.046,off
2025-05-08 11:21:30.967,off
2025-05-08 11:21:32.187,off
2025-05-08 11:21:33.278,off
2025-05-08 11:21:34.362,off
2025-05-08 11:21:35.583,off
2025-05-08 11:21:36.681,off
2025-05-08 11:21:37.768,off
2025-05-08 11:21:38.888,off
2025-05-08 11:21:39.998,off
2025-05-08 11:21:41.108,off
2025-05-08 11:21:42.218,off
2025-05-08 11:21:43.328,off
2025-05-08 11:21:44.415,off
2025-05-08 11:21:45.512,off
2025-05-08 11:21:46.733,off
2025-05-08 11:21:47.953,off
2025-05-08 11:21:49.162,off
2025-05-08 11:21:50.278,off
2025-05-08 11:21:51.480,off
2025-05-08 11:21:52.700,off
2025-05-08 11:21:53.810,off
2025-05-08 11:21:54.886,off
2025-05-08 11:21:55.984,off
2025-05-08 11:21:57.405,off
2025-05-08 11:21:58.502,off
2025-05-08 11:21:59.722,off
2025-05-08 11:22:00.821,off
2025-05-08 11:22:02.050,off
2025-05-08 11:22:03.140,off
2025-05-08 11:22:04.359,off
2025-05-08 11:22:05.579,off
2025-05-08 11:22:06.909,off
2025-05-08 11:22:08.131,off
2025-05-08 11:22:09.228,off
2025-05-08 11:22:10.637,off
2025-05-08 11:22:11.958,off
2025-05-08 11:22:13.156,off
2025-05-08 11:22:14.273,off
2025-05-08 11:22:15.971,off
2025-05-08 11:22:17.773,off
2025-05-08 11:22:18.868,off
2025-05-08 11:22:19.977,off
2025-05-08 11:22:21.087,off
2025-05-08 11:22:22.203,off
2025-05-08 11:22:23.539,off
2025-05-08 11:22:24.648,off
2025-05-08 11:22:25.859,off
2025-05-08 11:22:27.177,off
2025-05-08 11:22:28.418,off
2025-05-08 11:22:29.638,off
2025-05-08 11:22:30.848,off
2025-05-08 11:22:32.167,off
2025-05-08 11:22:33.378,off
2025-05-08 11:22:34.596,off
2025-05-08 11:22:35.705,off
2025-05-08 11:22:36.814,off
2025-05-08 11:22:38.124,off
2025-05-08 11:22:39.210,off
2025-05-08 11:22:40.320,off
2025-05-08 11:22:41.896,off
2025-05-08 11:22:43.128,off
2025-05-08 11:22:44.223,off
2025-05-08 11:22:45.825,off
2025-05-08 11:22:47.152,off
2025-05-08 11:22:48.482,off
2025-05-08 11:22:50.169,off
2025-05-08 11:22:52.243,off
2025-05-08 11:22:53.452,off
2025-05-08 11:22:54.561,off
2025-05-08 11:22:55.670,off
2025-05-08 11:22:56.780,off
2025-05-08 11:22:57.900,off
2025-05-08 11:22:59.009,off
2025-05-08 11:23:00.112,off
2025-05-08 11:23:01.225,off
2025-05-08 11:23:02.326,off
2025-05-08 11:23:03.435,off
2025-05-08 11:23:04.546,off
2025-05-08 11:23:05.665,off
2025-05-08 11:23:06.785,off
2025-05-08 11:23:07.883,off
2025-05-08 11:23:08.981,off
2025-05-08 11:23:10.102,off
2025-05-08 11:23:11.215,off
2025-05-08 11:23:12.740,off
2025-05-08 11:23:13.839,off
2025-05-08 11:23:15.159,off
2025-05-08 11:23:16.368,off
2025-05-08 11:23:17.898,off
2025-05-08 11:23:18.997,off
2025-05-08 11:23:20.111,off
2025-05-08 11:23:21.314,off
2025-05-08 11:23:22.435,off
2025-05-08 11:23:23.522,off
2025-05-08 11:23:24.620,off
2025-05-08 11:23:25.707,off
2025-05-08 11:23:27.261,off
2025-05-08 11:23:28.481,off
2025-05-08 11:23:29.701,off
2025-05-08 11:23:31.953,off
2025-05-08 11:23:32.997,off
2025-05-08 11:23:34.106,off
2025-05-08 11:23:35.232,off
2025-05-08 11:23:36.325,off
2025-05-08 11:23:37.783,off
2025-05-08 11:23:38.900,off
2025-05-08 11:23:40.009,off
2025-05-08 11:23:41.228,off
2025-05-08 11:23:42.327,off
2025-05-08 11:23:43.448,off
2025-05-08 11:23:44.546,off
2025-05-08 11:23:45.642,off
2025-05-08 11:23:46.732,off
2025-05-08 11:23:48.063,off
2025-05-08 11:23:49.284,off
2025-05-08 11:23:50.388,off
2025-05-08 11:23:51.469,off
2025-05-08 11:23:52.556,off
2025-05-08 11:23:53.658,off
2025-05-08 11:23:54.753,off
2025-05-08 11:23:55.862,off
2025-05-08 11:23:57.093,off
2025-05-08 11:23:58.392,off
2025-05-08 11:23:59.500,off
2025-05-08 11:24:00.588,off
2025-05-08 11:24:01.697,off
2025-05-08 11:24:02.797,off
2025-05-08 11:24:03.993,off
2025-05-08 11:24:05.104,off
2025-05-08 11:24:06.200,off
2025-05-08 11:24:07.309,off
2025-05-08 11:24:08.496,off
2025-05-08 11:24:09.594,off
2025-05-08 11:24:10.814,off
2025-05-08 11:24:11.923,off
2025-05-08 11:24:13.032,off
2025-05-08 11:24:14.153,off
2025-05-08 11:24:15.262,off
2025-05-08 11:24:16.360,off
2025-05-08 11:24:17.458,off
2025-05-08 11:24:18.815,off
2025-05-08 11:24:20.803,off
2025-05-08 11:24:21.862,off
2025-05-08 11:24:22.991,off
2025-05-08 11:24:24.169,off
2025-05-08 11:24:25.379,off
2025-05-08 11:24:26.477,off
2025-05-08 11:24:27.688,off
2025-05-08 11:24:29.374,off
2025-05-08 11:24:30.470,off
2025-05-08 11:24:31.569,off
2025-05-08 11:24:32.667,off
2025-05-08 11:24:33.776,off
2025-05-08 11:24:34.885,off
2025-05-08 11:24:35.983,off
2025-05-08 11:24:37.092,off
2025-05-08 11:24:38.590,off
2025-05-08 11:24:39.799,off
2025-05-08 11:24:40.886,off
2025-05-08 11:24:42.504,off
2025-05-08 11:24:43.593,off
2025-05-08 11:24:44.801,off
2025-05-08 11:24:45.900,off
2025-05-08 11:24:46.998,off
2025-05-08 11:24:48.096,off
2025-05-08 11:24:49.220,off
2025-05-08 11:24:50.336,off
2025-05-08 11:24:51.866,off
2025-05-08 11:24:53.076,off
2025-05-08 11:24:54.287,off
2025-05-08 11:24:55.504,off
2025-05-08 11:24:56.713,off
2025-05-08 11:24:57.921,off
